source,destination,status
# Généré par scripts/woo-to-shopify-products.ts (docs/07 §6). Ne pas éditer à la main : relancer le script.
/produkt/masc-do-zastosowan-w-infekcjach-wirusowych,/receptury/masc-do-zastosowan-w-infekcjach-wirusowych,301
/produkt/olej-terapeutyczny-borelia,/receptury/olej-terapeutyczny-borelarom,301
/produkt/tradzik-tradzik-rozowaty-2,/receptury/tradzik-tradzik-rozowaty,301
/produkt/nawracajace-anginy-dorosli,/receptury/nawracajace-anginy-krople-doustne-dorosli,301
/produkt/zapalenie-gardla-krtani-afonia-2-receptury,/receptury/zapalenie-gardla-krtani-afonia-dwie-receptury,301
/produkt/auto-draft,/receptury/kandydoza-ukladu-pokarmowego,301
/produkt/kolka-watrobowa,/receptury/kolka-watrobowa,301
/produkt/anginy-u-starszych-i-mlodszych,/receptury/anginy-u-starszych-i-mlodszych,301
/produkt/zapalenie-oskrzeli-dorosli,/receptury/zapalenie-oskrzeli-dorosli,301
/produkt/zapalenie-oskrzeli-u-dzieci-od-30-miesiaca-do-12-lat,/receptury/zapalenie-oskrzeli-u-dzieci-od-30-miesiaca-do-12-lat,301
/produkt/menopauza,/receptury/menopauza,301
/produkt/andropauza-przekwitanie-u-mezczyzn,/receptury/andropauza-czyli-przekwitanie-u-mezczyzn,301
/produkt/egzema-receptura,/receptury/egzema-dorosli-kobiety-w-ciazy-i-karmiace-piersia,301
/produkt/nadcisnienie-receptura,/receptury/nadcisnienie,301
/produkt/niedocisnienie-receptura,/receptury/niedocisnienie,301
/produkt/bezsennosc-u-doroslych-i-dzieci-receptura,/receptury/bezsennosc-u-doroslych-i-dzieci,301
/produkt/zapalenie-ucha-u-dzieci-i-doroslych-receptura,/receptury/zapalenie-ucha-u-dzieci-i-doroslych,301
/produkt/chroniczne-zaparcia-receptura,/receptury/chroniczne-zaparcia,301
/produkt/bolesne-miesiaczki-receptura,/receptury/bolesne-miesiaczki,301
/produkt/grzybica-paznokci-receptura,/receptury/grzybica-paznokci,301
/produkt/ciezkie-nogi-drenaz-limfatyczny-receptura,/receptury/ciezkie-nogi-drenaz-limfatyczny,301
/produkt/bazylia-10-ml-2,/produkt/bazylia-bio,301
/produkt/czystek-ladanowy,/produkt/czystek-ladanowy-bio,301
/produkt/kocanka-wloska-5-ml,/produkt/kocanka-wloska-bio,301
/produkt/394,/produkt/lawenda-waskolistna-bio,301
/produkt/ylang-ylang-10-ml,/produkt/ylang-ylang,301
/produkt/cytryna-10-ml,/produkt/cytryna-bio,301
/produkt/ravintsara-10-ml,/produkt/ravintsara-bio,301
/produkt/saro-10-ml,/produkt/saro-bio,301
/produkt/tea-tree-drzewo-herbaciane-10-ml,/produkt/tea-tree-drzewo-herbaciane-bio,301
/produkt/rumianek-rzymski,/produkt/rumianek-rzymski-bio,301
/produkt/oregano-origanum-compactum,/produkt/oregano-origanum-compactum-bio,301
/produkt/majeranek-ogrodowy,/produkt/majeranek-ogrodowy-bio,301
/produkt/geranium-rosat-2-2,/produkt/geranium-rosat-bio,301
/produkt/rozmaryn-ct-cyneol,/produkt/rozmaryn-ct-cyneol-bio,301
/produkt/rozmaryn-ct-werbenon,/produkt/rozmaryn-ct-werbenon-bio,301
/produkt/eukaliptus-galkowy-2,/produkt/eukaliptus-galkowy-bio,301
/produkt/tymianek-ct-linalol,/produkt/tymianek-ct-linalol-bio,301
/produkt/tymianek-ct-tymol,/produkt/tymianek-ct-tymol-bio,301
/produkt/cynamon-cejlonski-kora,/produkt/cynamon-cejlonski-kora-bio,301
/produkt/eukaliptus-cytrynowy-2,/produkt/eukaliptus-cytrynowy-bio,301
/produkt/kurkuma-2,/produkt/kurkuma-bio,301
/produkt/laur-2,/produkt/laur-bio,301
/produkt/lawenda-spika-2,/produkt/lawenda-spika-bio,301
/produkt/mieta-pieprzowa-2,/produkt/mieta-pieprzowa-bio,301
/produkt/rumianek-niemiecki-2,/produkt/rumianek-niemiecki-bio,301
/produkt/sosna-zwyczajna,/produkt/sosna-zwyczajna-bio,301
/produkt/trawa-cytrynowa-2,/produkt/trawa-cytrynowa-bio,301
/produkt/eukaliptus-ct-radiata,/produkt/eukaliptus-ct-radiata-bio,301
/produkt/olejek-eteryczny-manuka,/produkt/manuka,301
/produkt/czaber,/produkt/czaber-bio,301
/produkt/niaouli,/produkt/niaouli-bio,301
/produkt/olibanum-kadzidlowiec,/produkt/olibanum-kadzidlowiec-bio,301
/produkt/pomarancza,/produkt/pomarancza-bio,301
/produkt/gozdzik-2,/produkt/gozdzik-bio,301
/produkt/palmarosa,/produkt/palmarosa-bio,301
/produkt/paczula,/produkt/paczula-bio,301
/produkt/kardamon,/produkt/kardamon-bio,301
/produkt/baktemix-i-suplement,/produkt/baktemix-i-suplement-bio,301
/produkt/cedr-atlaski,/produkt/cedr-atlaski-bio,301
/produkt/glinka-biala,/produkt/glinka-biala-bio,301
/produkt/wetiweria,/produkt/wetiweria-bio,301
/produkt/olejek-eteryczny-golteria-rozeslana,/produkt/golteria-rozeslana-bio,301
/produkt/roza-damascenska-hydrolat-bio,/produkt/hydrolat-roza-damascenska-bio,301
/produkt/czystek-hydrolat-bio-2,/produkt/hydrolat-czystek-bio,301
/produkt/geranium-hydrolat-bio,/produkt/hydrolat-geranium-bio,301
/produkt/kwiat-pomaranczy-hydrolat-bio,/produkt/hydrolat-kwiat-pomaranczy-bio,301
/produkt/rumianek-rzymski-hydrolat-bio,/produkt/hydrolat-rumianek-rzymski-bio,301
/produkt/mieta-pieprzowa-hydrolat-bio,/produkt/hydrolat-mieta-pieprzowa-bio,301
/produkt/lawenda-waskolistna-hydrolat-bio,/produkt/hydrolat-lawenda-waskolistna-bio,301
/produkt/kocanka-wloska-hydrolat-bio,/produkt/hydrolat-kocanka-wloska-bio,301
/produkt/rozmaryn-ct-werbenon-hydrolat-bio,/produkt/hydrolat-rozmaryn-ct-werbenon-bio,301
/produkt/roza-damascenska-bio-5-ml,/produkt/roza-damascenska-bio,301
/produkt/bergamotka-bio-olejek-klasy-terapeutycznej,/produkt/bergamotka-bio,301
/produkt/copaiba-kopaiwa-bio-5-ml,/produkt/copaiba-kopaiwa-bio,301
/produkt/drzewo-rozane-bio-5ml,/produkt/drzewo-rozane-bio,301
/produkt/roza-damascenska-absolut-bio-5-ml,/produkt/roza-damascenska-absolut-bio,301
/kategoria-produktu/olejki-eteryczne,/olejki-eteryczne,301
/kategoria-produktu/hydrolaty,/hydrolaty,301
/kategoria-produktu/oleje-roslinne,/oleje-roslinne,301
/kategoria-produktu/mieszanki,/mieszanki,301
/kategoria-produktu/zestawy,/zestawy,301
/kategoria-produktu/dyfuzory,/dyfuzory,301
/kategoria-produktu/dyfuzory/ultradzwiekowe,/dyfuzory,301
/kategoria-produktu/dyfuzory/nebulizator,/dyfuzory,301
/kategoria-produktu/dyfuzory/olfaktory,/dyfuzory,301
/kategoria-produktu/dyfuzory/olfaktory-samochodowe,/dyfuzory,301
/kategoria-produktu/dyfuzory/przenosne,/dyfuzory,301
/kategoria-produktu/dyfuzory/ceramika-lagodne-cieplo,/dyfuzory,301
/kategoria-produktu/dyfuzory/dyfuzor-lagodnego-ciepla,/dyfuzory,301
/kategoria-produktu/kompendium,/kompendium,301
/kategoria-produktu/kompendium/komplety-fiszek,/kompendium,301
/kategoria-produktu/receptury,/receptury,301
/kategoria-produktu/problemy-zdrowotne,/na/odpornosc,301
/kategoria-produktu/problemy-zdrowotne/dla-dzieci,/na/dzieci,301
/kategoria-produktu/problemy-zdrowotne/dla-dzieci-i-ciezarnych,/na/dzieci,301
/kategoria-produktu/problemy-zdrowotne/dla-kobiet,/na/pielegnacja,301
/kategoria-produktu/problemy-zdrowotne/dla-mezczyzn,/olejki-eteryczne,301
/kategoria-produktu/problemy-zdrowotne/borelioza,/na/odpornosc,301
/ylang-ylang-afrodyzjak-i-regulator-emocji,/blog/ylang-ylang-afrodyzjak-i-regulator-emocji,301
/olejek-eteryczny-z-rozmarynu-ct-cyneol-dzialanie,/blog/olejek-eteryczny-z-rozmarynu-ct-cyneol-dzialanie,301
/olejek-eteryczny-z-cedru-atlaskiego-dzialanie-na-skore-cellulit-i-uklad-nerwowy,/blog/olejek-eteryczny-z-cedru-atlaskiego-dzialanie-na-skore-cellulit-i-uklad-nerwowy,301
/olejek-z-cytryny-czyli-usmiechniety-olejek,/blog/olejek-z-cytryny-czyli-usmiechniety-olejek,301
/od-stresu-po-pielegnacje-czyli-wszechstronnosc-olejku-lawendowego,/blog/od-stresu-po-pielegnacje-czyli-wszechstronnosc-olejku-lawendowego,301
/golteria-aspiryna-w-plynie,/blog/golteria-aspiryna-w-plynie,301
/olejek-z-rumianku-rzymskiego-ukojenie-dla-najmlodszych-w-chwilach-napiecia-zabkowania-i-trudnego-snu,/blog/olejek-z-rumianku-rzymskiego-ukojenie-dla-najmlodszych-w-chwilach-napiecia-zabkowania-i-trudnego-snu,301
/ravintsara-to-silne-wsparcie-na-wiosne,/blog/ravintsara-to-silne-wsparcie-na-wiosne,301
/aromaterapia-czakr-dla-glebokiej-medytacji,/blog/aromaterapia-czakr-dla-glebokiej-medytacji,301
/kadzidlowiec-olejek-ktory-uspokaja-uklad-nerwowy-i-poglebia-medytacje,/blog/kadzidlowiec-olejek-ktory-uspokaja-uklad-nerwowy-i-poglebia-medytacje,301
/czystek-ladanowy-czyli-skarb-dla-skory-dojrzalej,/blog/czystek-ladanowy-czyli-skarb-dla-skory-dojrzalej,301
/tak-wlasciwie-po-co-mi-to,/blog/tak-wlasciwie-po-co-mi-to,301
/najlepiej-komponuja-sie-z-wiekiem-srednim,/blog/najlepiej-komponuja-sie-z-wiekiem-srednim,301
/aromashot-eukaliptus-cytrynowy,/blog/aromashot-eukaliptus-cytrynowy,301
/aromashot-golteria-rozslana,/blog/aromashot-golteria-rozslana,301
/aromashot-i-co-moze-imbir,/blog/aromashot-i-co-moze-imbir,301
/aromashot-olejki-vs-wirusy,/blog/aromashot-olejki-vs-wirusy,301
/aromashot-olejek-rumianek-niemiecki,/blog/aromashot-olejek-rumianek-niemiecki,301
/aromashot-olejek-oregano,/blog/aromashot-olejek-oregano,301
/aromashot-olejek-geranium-rosat,/blog/aromashot-olejek-geranium-rosat,301
/aromashot-olejek-saro,/blog/aromashot-olejek-saro,301
/elementor-51035,/blog/elementor-51035,301
/starszy-pan,/blog/starszy-pan,301
/aromashot-kadzidlowiec,/blog/aromashot-kadzidlowiec,301
/panaceum-nie-ma,/blog/panaceum-nie-ma,301
/aromashot-cedr-atlaski,/blog/aromashot-cedr-atlaski,301
/madrosc-narodow,/blog/madrosc-narodow,301
/emocjonalnie-rzecz-biorac,/blog/emocjonalnie-rzecz-biorac,301
/bon-voyage,/blog/bon-voyage,301
/nie-lubie-roz,/blog/nie-lubie-roz,301
/olejki-dla-pan-ylang-ylang,/blog/olejki-dla-pan-ylang-ylang,301
/elementor-47385,/blog/elementor-47385,301
/olejki-dla-pan,/blog/olejki-dla-pan,301
/syrop-tymiankowy-rzadzi,/blog/syrop-tymiankowy-rzadzi,301
/szarlataneria-za-1199-pln,/blog/szarlataneria-za-1199-pln,301
/borelioza-zakonczenie-zapraszam-do-aromashot,/blog/borelioza-zakonczenie-zapraszam-do-aromashot,301
/borelioza-xiv-korzysci-z-choroby,/blog/borelioza-xiv-korzysci-z-choroby,301
/cholesterol,/receptury/cholesterol,301
/migreny,/receptury/migreny,301
/u-celu,/blog/u-celu,301
/blizny-trudne-zabliznianie,/receptury/blizny-trudne-zabliznianie,301
/cellulit,/receptury/cellulit,301
/pierwszy-skok-w-aromaterapie-stosowana,/blog/pierwszy-skok-w-aromaterapie-stosowana,301
/zatrzesienie,/blog/zatrzesienie,301
/dom,/blog/dom,301
/elementor-8536,/blog/elementor-8536,301
/paracelsus,/blog/paracelsus,301
/borelioza-viii-a-moze-to-odpowiedz-na-twoja-potrzebe,/blog/borelioza-viii-a-moze-to-odpowiedz-na-twoja-potrzebe,301
/borelioza-cz-vii-paskudne-przesady,/blog/borelioza-cz-vii-paskudne-przesady,301
/borelioza-cz-v-to-byla-moja-decyzja,/blog/borelioza-cz-v-to-byla-moja-decyzja,301
/borelioza-cz-v-to-byla-moja-decyzja-2,/blog/borelioza-cz-v-to-byla-moja-decyzja-2,301
/borelioza-cz-iv-ludzie-bez-serca,/blog/borelioza-cz-iv-ludzie-bez-serca,301
/borelioza-cz-iii-czyli-do-kogo-sukces-nalezy-bardziej,/blog/borelioza-cz-iii-czyli-do-kogo-sukces-nalezy-bardziej,301
/o-boreliozie-cz-ii,/blog/o-boreliozie-cz-ii,301
/borelioza-po-raz-kolejny,/blog/borelioza-po-raz-kolejny,301
/wazny-element-w-kazdych-terapiach-okna-terapeutyczne,/blog/wazny-element-w-kazdych-terapiach-okna-terapeutyczne,301
/olejek-cytrynowy-a-uklad-krazenia,/blog/olejek-cytrynowy-a-uklad-krazenia,301
/rumianek-niemiecki-super-star,/blog/rumianek-niemiecki-super-star,301
/w-jednej-zupie,/blog/w-jednej-zupie,301
/len,/blog/len,301
/klucz-czyli-dzielo-przypadku,/blog/klucz-czyli-dzielo-przypadku,301
/niedoceniana-cytryna,/blog/niedoceniana-cytryna,301
/cos-o-dawkowaniu,/blog/cos-o-dawkowaniu,301
/olejek-eteryczny-grypa-angina-cellulit,/blog/olejek-eteryczny-grypa-angina-cellulit,301
/aromaterapia-bakterie-wirusy-drozdzaki-stany-zapalne,/blog/aromaterapia-bakterie-wirusy-drozdzaki-stany-zapalne,301
/czym-jest-hydrolat-i-jakie-jest-jego-zastosowanie,/blog/czym-jest-hydrolat-i-jakie-jest-jego-zastosowanie,301
/aromaterapia-zastosowanie-olejkow-eterycznych,/blog/aromaterapia-zastosowanie-olejkow-eterycznych,301
/tylko-patrze-2,/blog/tylko-patrze-2,301
/tylko-patrze,/blog/tylko-patrze,301
/szampon-odzywczy-do-wlosow,/receptury/szampon-odzywczy-do-wlosow,301
/pasta-do-zebow,/receptury/pasta-do-zebow,301
/krem-baza,/receptury/krem-baza,301
/szampon-do-wlosow-w-kostce,/receptury/szampon-do-wlosow-w-kostce,301
/olej-od-masazu-skora-sucha,/blog/olej-od-masazu-skora-sucha,301
/plyn-do-prania,/blog/plyn-do-prania,301
/5787,/receptury/5787,301
/podrabianie-olejkow-eterycznych-jest-nagminne-dowiedz-sie-jaka-jest-roznica,/blog/podrabianie-olejkow-eterycznych-jest-nagminne-dowiedz-sie-jaka-jest-roznica,301
/wirusowa-trojka,/blog/wirusowa-trojka,301
/nowe,/blog/nowe,301
/kocanka-wloska-krazenie-krwi-i-emocje,/blog/kocanka-wloska-krazenie-krwi-i-emocje,301
/jajka-na-miekko,/blog/jajka-na-miekko,301
/jej-powszechnosc-cytryna-a-egzaminy,/blog/jej-powszechnosc-cytryna-a-egzaminy,301
/ocet-siedmiu-zlodziei,/blog/ocet-siedmiu-zlodziei,301
/angina-bakteryjna-wirusowa-jak-rozpoznac,/blog/angina-bakteryjna-wirusowa-jak-rozpoznac,301
/aromaterapia-a-choroby-wirusowe,/blog/aromaterapia-a-choroby-wirusowe,301
/a-bylo-to-tak,/blog/a-bylo-to-tak,301
/wakacje-wakacje-i-po-wakacjach-czyli-rozwazan-kilka,/blog/wakacje-wakacje-i-po-wakacjach-czyli-rozwazan-kilka,301
/aromaterapia-lawenda,/blog/aromaterapia-lawenda,301
/oh-soleil-soleil,/blog/oh-soleil-soleil,301
/ugotuj-sobie-krem,/blog/ugotuj-sobie-krem,301
/czy-olejki-moga-dzialac-jako-leki,/blog/czy-olejki-moga-dzialac-jako-leki,301
/czystek-gwiazdor-ostatnich-lat,/blog/czystek-gwiazdor-ostatnich-lat,301
/chemotyp-o-co-chodzi,/blog/chemotyp-o-co-chodzi,301
/ja-nie-lubie-biegac,/blog/ja-nie-lubie-biegac,301
/borelioza-etap-iv,/blog/borelioza-etap-iv,301
/to-tylko-olejek-z-oregano-tylko,/blog/to-tylko-olejek-z-oregano-tylko,301
/borelioza-etap-ii,/blog/borelioza-etap-ii,301
/borelioza-olejki-eteryczne-odrobaczanie,/blog/borelioza-olejki-eteryczne-odrobaczanie,301
/z-innej-beczki-czyli-jedz-jak-jada-krol-01-05-2017,/blog/z-innej-beczki-czyli-jedz-jak-jada-krol-01-05-2017,301
/borelioza-czy-ja-mam,/blog/borelioza-czy-ja-mam,301
/olejki-eteryczne-a-borelioza,/blog/olejki-eteryczne-a-borelioza,301
/contact,/kontakt,301
/polityka-zwrotow,/zwroty,301
/regulamin-swiadczenia-uslug,/regulamin,301
/polityka-plikow-cookie,/polityka-prywatnosci,301
/faq,/jakosc,301
/metody-stosowania,/kompendium,301
/toksycznosc,/jakosc,301
/zanim-zaczniesz,/jakosc,301
/akceptowane-platnosci,/wysylka,301
/regulamin-swiadczenia-uslugi-newslettera,/regulamin,301
/regulamin-swiadczenia-uslugi-newslettera-2,/regulamin,301
/newsletter,/#newsletter,301
/aromatyczne-promocje,/promocje,301
/shop-default,/olejki-eteryczne,301
/shop,/olejki-eteryczne,301
/cart,/koszyk,301
/checkout,/koszyk,301
/my-account,/konto,301
/lista-zyczen,/konto,301
/zamowienie,/koszyk,301
/home-2,/,301