handle,title,type,potrzeba_proposed,uzycie_proposed,other_tags,source_dzialanie
bazylia-bio,"Bazylia egzotyczna BIO",Olejek eteryczny,sen|stres|odpornosc|trawienie,,bio,"Wspomagająco w bezsenności; Wspomagająco w infekcjach wirusowych; Wspomagająco w niestrawnościach; Wspomagająco w trudnościach emocjonalnych; Wzmacniający w stanach wyczerpania intelektualnego"
czystek-ladanowy-bio,"Czystek ladanowy BIO",Olejek eteryczny,stres|odpornosc|skora|trawienie,dyfuzja|skora|kapiel|doustnie,bio,"Wspomaga immunologię; Wspomagająco w grzybicy skóry; Wspomagająco w niestrawnościach; Wzmacniające dla skóry; Wzmacniający w stanach wyczerpania intelektualnego"
kocanka-wloska-bio,"Kocanki włoskie BIO",Olejek eteryczny,skora|pielegnacja,skora|kapiel,bio,"Ściągające skórę; Ułatwiające gojenie się ran; Wspomaga krążenie krwi; Wspomaga układ limfatyczny"
lawenda-waskolistna-bio,"Lawenda wąskolistna BIO",Olejek eteryczny,sen|stres|odpornosc|skora,,bio,"Oparzenia słoneczne; Przewlekły stres; Ukąszenia owadów; Ułatwiające gojenie się ran; Wspomaga immunologię; Wspomagająco przy trądziku różowatym"
ylang-ylang,"Ylang-Ylang pełny",Olejek eteryczny,stres|odpornosc|skora,dyfuzja|skora|kapiel|doustnie,,"Ogólne osłabienie; Przewlekły stres; Wspomaga immunologię; Wspomaga krążenie krwi; Wspomagająco w stanach zapalnych skóry; Wspomagająco w trudnościach emocjonalnych"
cytryna-bio,"Cytryna BIO",Olejek eteryczny,stres|odpornosc|oddychanie,dyfuzja|skora|doustnie,bio|fototoksyczny,"Przy braku apetytu; Wspomaga immunologię; Wspomagająco w ciężkich infekcjach dróg oddechowych w celu uniknięcia nadkażeń; Wspomagająco w grypie; Wspomagająco w infekcjach wirusowych"
ravintsara-bio,"Ravintsara BIO",Olejek eteryczny,odpornosc,dyfuzja|skora|inhalacja|doustnie,bio,"Wspomaga immunologię; Wspomagająco w grypie; Wspomagająco w infekcjach wirusowych"
saro-bio,"Saro lub Mandravasarotra BIO",Olejek eteryczny,odpornosc|skora,dyfuzja|skora|inhalacja|doustnie,bio,"Wspomaga immunologię; Wspomagająco w grzybicy skóry; Wspomagająco w infekcjach okresu jesienno – zimowego"
tea-tree-drzewo-herbaciane-bio,"Drzewo herbaciane/ Tea tree BIO",Olejek eteryczny,odpornosc|oddychanie|skora|pielegnacja,dyfuzja|skora|doustnie,bio,"Oparzenia słoneczne; Ukąszenia owadów; Ułatwiające gojenie się ran; Wspomaga immunologię; Wspomagająco przy trądziku różowatym; Wspomagająco w ciężkich infekcjach dróg oddechowych w celu uniknięcia nadkażeń"
rumianek-rzymski-bio,"Rumianek rzymski BIO",Olejek eteryczny,sen|stres|skora,dyfuzja|skora|kapiel|doustnie,bio,"Oparzenia słoneczne; Przewlekły stres; Wspomagająco przy trądziku różowatym; Wspomagająco w alergiach skórnych; Wspomagająco w bezsenności; Wspomagająco w egzemie"
oregano-origanum-compactum-bio,"Oregano BIO",Olejek eteryczny,odpornosc|skora|trawienie,,bio,"Wspomaga immunologię; Wspomagająco w grzybicy skóry; Wspomagająco w niestrawnościach"
majeranek-ogrodowy-bio,"Majeranek ogrodowy BIO",Olejek eteryczny,stres|skora,skora|doustnie,bio,"Przewlekły stres; Przy braku apetytu; Wspomaga krążenie krwi; Wspomagająco w grzybicy skóry; Wzmacniający w stanach wyczerpania intelektualnego"
geranium-rosat-bio,"Geranium rosat BIO",Olejek eteryczny,stres|skora,skora|kapiel|inhalacja|doustnie,bio,"Oparzenia słoneczne; Przewlekły stres; Ściągające skórę; Ukąszenia owadów; Wspomagająco przy trądziku różowatym; Wspomagająco w alergiach skórnych"
rozmaryn-ct-cyneol-bio,"Rozmaryn CT cyneol BIO",Olejek eteryczny,odpornosc|oddychanie|skora|trawienie,dyfuzja|skora|kapiel|inhalacja|doustnie,bio,"Ogólne osłabienie; Przy braku apetytu; Ściągające skórę; Wspomaga rozrzedzanie wydzieliny oskrzelowej; Wspomagająco w grypie; Wspomagająco w infekcjach okresu jesienno – zimowego"
rozmaryn-ct-werbenon-bio,"Rozmaryn CT werbenon BIO",Olejek eteryczny,stres|odpornosc|oddychanie|skora,dyfuzja|skora|kapiel|inhalacja|doustnie,bio,"Ogólne osłabienie; Przewlekły stres; Ułatwiające gojenie się ran; Wspomaga układ limfatyczny; Wspomagająco w ciężkich infekcjach dróg oddechowych w celu uniknięcia nadkażeń; Wspomagająco w egzemie"
eukaliptus-galkowy-bio,"Eukaliptus gałkowy BIO",Olejek eteryczny,odpornosc|skora,dyfuzja|skora,bio,"Wspomagająco w grypie; Wspomagająco w grzybicy skóry; Wspomagająco w infekcjach okresu jesienno – zimowego"
tymianek-ct-linalol-bio,"Tymianek CT linalol BIO",Olejek eteryczny,stres|odpornosc|oddychanie|skora,dyfuzja|skora|kapiel|inhalacja|doustnie,bio,"Ogólne osłabienie; Przewlekły stres; Wspomaga immunologię; Wspomaga rozrzedzanie wydzieliny oskrzelowej; Wspomagająco w egzemie; Wspomagająco w grypie"
tymianek-ct-tymol-bio,"Tymianek CT tymol BIO",Olejek eteryczny,stres|odpornosc|skora|trawienie,dyfuzja|skora|kapiel|inhalacja,bio,"Ogólne osłabienie; Wspomaga immunologię; Wspomagająco przy trądziku różowatym; Wspomagająco w grypie; Wspomagająco w grzybicy skóry; Wspomagająco w niestrawnościach"
cynamon-cejlonski-kora-bio,"Cynamon cejloński liść BIO",Olejek eteryczny,skora|trawienie,dyfuzja|skora|doustnie,bio,"Wspomagająco w grzybicy skóry; Wspomagająco w niestrawnościach"
eukaliptus-cytrynowy-bio,"Eukaliptus cytrynowy BIO",Olejek eteryczny,stres|skora,dyfuzja|skora,bio,"Przewlekły stres; Ukąszenia owadów; Wspomagająco w grzybicy skóry"
kurkuma-bio,"Kurkuma BIO",Olejek eteryczny,sen|stres|skora|trawienie,dyfuzja|skora|inhalacja|doustnie,bio|promocja,"Ogólne osłabienie; Przewlekły stres; Wspomagająco w bezsenności; Wspomagająco w grzybicy skóry; Wspomagająco w niestrawnościach; Wspomagająco w zaparciach"
laur-bio,"Laur BIO",Olejek eteryczny,stres|skora,skora|doustnie,bio|promocja,"Przewlekły stres; Wspomagająco w alergiach skórnych; Wspomagająco w grzybicy skóry; Wspomagająco w stanach zapalnych skóry; Wspomagająco w trudnościach emocjonalnych; Wzmacniające dla skóry"
lawenda-spika-bio,"Lawenda spika BIO",Olejek eteryczny,stres|oddychanie|skora,dyfuzja|skora,bio,"Oparzenia słoneczne; Przewlekły stres; Ukąszenia owadów; Ułatwiające gojenie się ran; Wspomaga rozrzedzanie wydzieliny oskrzelowej; Wspomagająco w alergiach skórnych"
mieta-pieprzowa-bio,"Mięta pieprzowa BIO",Olejek eteryczny,skora|trawienie,skora|doustnie,bio,"Ogólne osłabienie; Oparzenia słoneczne; Ściągające skórę; Ukąszenia owadów; Wspomagająco przy trądziku różowatym; Wspomagająco w grzybicy skóry"
rumianek-niemiecki-bio,"Rumianek niemiecki (German chamomile) Bułgaria BIO",Olejek eteryczny,sen|stres|odpornosc|skora,skora|doustnie,bio,"Odbudowa odporności; Oparzenia słoneczne; Przewlekły stres; Ściągające skórę; Ukąszenia owadów; Wspomaga immunologię"
sosna-zwyczajna-bio,"Sosna zwyczajna BIO",Olejek eteryczny,stres|odpornosc|oddychanie,,bio,"Ogólne osłabienie; Przewlekły stres; Wspomaga rozrzedzanie wydzieliny oskrzelowej; Wspomagająco w ciężkich infekcjach dróg oddechowych w celu uniknięcia nadkażeń; Wspomagająco w grypie; Wspomagająco w infekcjach wirusowych"
trawa-cytrynowa-bio,"Trawa cytrynowa BIO",Olejek eteryczny,trawienie,dyfuzja|skora,bio,"Ogólne osłabienie; Wspomagająco w niestrawnościach; Wspomagająco w trudnościach emocjonalnych"
eukaliptus-ct-radiata-bio,"Eukaliptus CT radiata BIO",Olejek eteryczny,odpornosc|oddychanie,dyfuzja|skora|kapiel|inhalacja|doustnie,bio,"Wspomaga immunologię; Wspomagająco w ciężkich infekcjach dróg oddechowych w celu uniknięcia nadkażeń; Wspomagająco w grypie; Wspomagająco w infekcjach okresu jesienno – zimowego; Wspomagająco w infekcjach wirusowych"
manuka,"Manuka",Olejek eteryczny,stres|odpornosc|oddychanie|skora,dyfuzja|skora|inhalacja|doustnie,,"Ogólne osłabienie; Przewlekły stres; Ułatwiające gojenie się ran; Wspomagająco przy trądziku różowatym; Wspomagająco w ciężkich infekcjach dróg oddechowych w celu uniknięcia nadkażeń; Wspomagająco w egzemie"
czaber-bio,"Cząber BIO",Olejek eteryczny,stres|odpornosc|oddychanie|skora,skora|kapiel|doustnie,bio,"Afrodyzjak; Odbudowa odporności; Ogólne osłabienie; Wspomaga immunologię; Wspomaga krążenie krwi; Wspomagająco w ciężkich infekcjach dróg oddechowych w celu uniknięcia nadkażeń"
niaouli-bio,"Niaouli BIO",Olejek eteryczny,stres|odpornosc|skora,skora|kapiel|inhalacja,bio|promocja,"Ogólne osłabienie; Oparzenia słoneczne; Wspomaga immunologię; Wspomaga krążenie krwi; Wspomagająco w stanach zapalnych skóry; Wspomagająco w trudnościach emocjonalnych"
olibanum-kadzidlowiec-bio,"Kadzidłowiec (Olibanum) BIO",Olejek eteryczny,,dyfuzja|skora|kapiel|inhalacja|doustnie,bio,""
pomarancza-bio,"Pomarańcza słodka BIO",Olejek eteryczny,sen|stres|skora|trawienie,,bio|fototoksyczny,"Przewlekły stres; Wspomaga krążenie krwi; Wspomagająco w bezsenności; Wspomagająco w niestrawnościach; Wspomagająco w trudnościach emocjonalnych; Wzmacniający w stanach wyczerpania intelektualnego"
wrotycz-marokanski,"Wrotycz Blue Tansy",Olejek eteryczny,stres|odpornosc|skora,skora|doustnie,promocja,"Wspomaga immunologię; Wspomaga krążenie krwi; Wspomaga układ limfatyczny; Wspomagająco w alergiach skórnych; Wspomagająco w egzemie; Wspomagająco w grzybicy skóry"
gozdzik-bio,"Goździk BIO",Olejek eteryczny,stres|skora,doustnie,bio,"Wspomagająco w grzybicy skóry; Wspomagająco w stanach zapalnych skóry; Wzmacniający w stanach wyczerpania intelektualnego"
praktyczny-miniprzewodnik-po-aromaterapii,"Praktyczny miniprzewodnik po aromaterapii",Kompendium,,,,""
palmarosa-bio,"Palmarosa BIO",Olejek eteryczny,odpornosc|skora,skora|kapiel,bio,"Ułatwiające gojenie się ran; Wspomaga immunologię; Wspomaga układ limfatyczny; Wspomagająco w egzemie; Wspomagająco w grzybicy skóry; Wspomagająco w stanach zapalnych skóry"
paczula-bio,"Paczula BIO",Olejek eteryczny,sen|stres|skora|trawienie,skora|kapiel,bio,"Przewlekły stres; Ściągające skórę; Ułatwiające gojenie się ran; Wspomaga krążenie krwi; Wspomaga układ limfatyczny; Wspomagająco przy trądziku różowatym"
kardamon-bio,"Kardamon BIO",Olejek eteryczny,stres|odpornosc|oddychanie|trawienie,,bio,"Przewlekły stres; Wspomaga rozrzedzanie wydzieliny oskrzelowej; Wspomagająco w ciężkich infekcjach dróg oddechowych w celu uniknięcia nadkażeń; Wspomagająco w niestrawnościach"
baktemix-i-suplement-bio,"Baktemix I Suplement BIO",Mieszanka,odpornosc,,bio,"Wspomagająco w boreliozie; Wspomagająco w neuroboreliozie; Wspomagająco w przewlekłych infekcjach bakteryjnych"
imbir-swiezy-bio,"Imbir świeży BIO",Olejek eteryczny,odpornosc|trawienie,dyfuzja|skora|doustnie,bio,"Afrodyzjak; Wspomaga krążenie krwi; Wspomagająco w infekcjach wirusowych; Wspomagająco w niestrawnościach; Wspomagająco w trudnościach emocjonalnych"
cedr-atlaski-bio,"Cedr atlaski BIO",Olejek eteryczny,,dyfuzja|skora|kapiel|inhalacja|doustnie,bio,""
dyfuzor-nebulizator-bolea,"Dyfuzor - nebulizator Bolea",Dyfuzor,dom,,promocja,""
dyfuzor-nebulizator-cimio,"Dyfuzor - nebulizator Cimio",Dyfuzor,dom,,,""
dyfuzor-ultradzwiekowy-stella,"Dyfuzor ultradźwiękowy Stella",Dyfuzor,dom,,promocja,""
dyfuzor-ultradzwiekowy-medusa,"Dyfuzor ultradźwiękowy Medusa",Dyfuzor,dom,,promocja,""
dyfuzor-ultradzwiekowy-woody,"Dyfuzor ultradźwiękowy Woody",Dyfuzor,dom,,promocja,""
dyfuzor-delikatnym-cieplem-cosy,"Dyfuzor - dyfuzja delikatnym ciepłem Cozy czarny",Dyfuzor,dom,,promocja,""
podgrzewacz-ceramiczny-seis,"Podgrzewacz ceramiczny Seis",Dyfuzor,dom,,,""
podrzewacz-ceramiczny-una,"Podgrzewacz ceramiczny Una",Dyfuzor,dom,,,""
dyfuzor-dyfuzja-delikatnym-cieplem-calorya-n3,"Dyfuzor - dyfuzja delikatnym ciepłem Calorya n°3",Dyfuzor,dom,,promocja,""
dyfuzor-dyfuzja-delikatnym-cieplem-calorya-n4,"Dyfuzor - dyfuzja delikatnym ciepłem Calorya n°4",Dyfuzor,dom,,promocja,""
podrzewacz-ceramiczny-dos,"Podgrzewacz ceramiczny Dos",Dyfuzor,dom,,promocja,""
dyfuzor-samochodowy-dragon,"Dyfuzor samochodowy Dragon",Dyfuzor,dom,,,""
skarpety-spa-zielone,"Skarpety Spa zielone z olejami",Akcesorium,dzieci|pielegnacja,,dla:mezczyzn|dla:kobiet,""
skarpety-spa-rozowe,"Skarpety Spa różowe z olejami",Akcesorium,dzieci|pielegnacja,,dla:mezczyzn|dla:kobiet,""
gua-sha-masaz-twarzy-rozowy-kwarc,"Gua Sha Masaż twarzy - Kwarc różowy",Akcesorium,dzieci|pielegnacja,,dla:mezczyzn|dla:kobiet|promocja,""
gua-sha-masaz-twarzy-jadeit-zielony,"Gua Sha Masaż twarzy - Jadeit zielony",Akcesorium,dzieci|pielegnacja,,dla:mezczyzn|dla:kobiet|promocja,""
gua-sha-masaz-twarzy-jadeit-bialy,"Gua Sha Masaż twarzy - Jadeit biały",Akcesorium,dzieci|pielegnacja,,dla:kobiet|promocja,""
glinka-biala-bio,"Glinka biała BIO",Akcesorium,dzieci,,bio|promocja,""
glinka-czerwona-bio,"Glinka czerwona BIO",Akcesorium,,,bio|promocja,""
glinka-rozowa-bio,"Glinka różowa BIO",Akcesorium,,,bio,""
glinka-zielona-bio,"Glinka zielona BIO",Akcesorium,,,bio,""
glinka-zolta-bio,"Glinka żółta BIO",Akcesorium,,,bio|promocja,""
olej-jojoba-bio,"Olej Jojoba BIO",Olej roślinny,,,bio,""
olej-makadamia-bio,"Olej Makadamia BIO",Olej roślinny,,,bio,""
olej-tamanu-calophylle-inophyle-bio,"Olej Tamanu - Calophylle inophyle BIO",Olej roślinny,,,bio,""
olej-z-rozy-rdzawej-bio,"Olej Róża rdzawa BIO",Olej roślinny,,,bio,""
olej-ze-slodkich-migdalow-bio,"Olej ze Słodkich Migdałów BIO",Olej roślinny,,,bio,""
dyfuzor-ultradzwiekowy-julia,"Dyfuzor ultradźwiękowy Julia",Dyfuzor,dom,,promocja,""
dyfuzor-samochodowy-zaczarowany-las,"Dyfuzor samochodowy Zaczarowany Las",Dyfuzor,dom,,,""
dyfuzor-samochodowy-lapacz-snow,"Dyfuzor samochodowy Łapacz Snów",Dyfuzor,dom,,,""
palo-santo-bio,"Palo Santo dzikie",Olejek eteryczny,sen|stres|odpornosc|skora,dyfuzja|skora|kapiel|inhalacja|doustnie,,"Afrodyzjak; Odbudowa odporności; Ogólne osłabienie; Oparzenia słoneczne; Opuchnięcia; Przewlekły stres"
wetiweria-bio,"Wetiweria BIO",Olejek eteryczny,,,bio|promocja,""
golteria-rozeslana-bio,"Golteria rozesłana BIO (Wintergreen)",Olejek eteryczny,,skora,bio,"Opuchnięcia; Wspomaga krążenie krwi; Wspomaga układ limfatyczny; Wspomagająco w boreliozie"
hydrolat-roza-damascenska-bio,"Hydrolat Róża damasceńska BIO",Hydrolat,,,bio,""
hydrolat-czystek-bio,"Hydrolat Czystek ladanowy BIO",Hydrolat,,,bio,""
hydrolat-geranium-bio,"Hydrolat Geranium BIO",Hydrolat,,,bio,""
hydrolat-kwiat-pomaranczy-bio,"Hydrolat Neroli BIO",Hydrolat,,,bio,""
hydrolat-rumianek-rzymski-bio,"Hydrolat Rumianek rzymski BIO",Hydrolat,,,bio,""
hydrolat-mieta-pieprzowa-bio,"Hydrolat Mięta pieprzowa BIO",Hydrolat,,,bio,""
hydrolat-lawenda-waskolistna-bio,"Hydrolat Lawenda wąskolistna BIO",Hydrolat,,,bio,""
hydrolat-kocanka-wloska-bio,"Hydrolat Kocanki włoskie BIO",Hydrolat,,,bio,""
hydrolat-jalowiec-bio,"Hydrolat Jałowiec BIO",Hydrolat,,,bio,""
hydrolat-rozmaryn-ct-werbenon-bio,"Hydrolat Rozmaryn CT werbenon BIO",Hydrolat,,,bio,""
hydrolat-czarna-porzeczka-bio,"Hydrolat Czarna porzeczka BIO",Hydrolat,,,bio,""
roza-damascenska-bio,"Róża damasceńska BIO",Kompendium,,,bio,""
hydrolat-bazylia-bio,"Hydrolat Bazylia BIO",Hydrolat,,,bio,""
hydrolat-szalwia-muszkatolowa-bio,"Hydrolat Szałwia muszkatołowa BIO",Hydrolat,,,bio,""
hydrolat-marchew-zwyczajna-bio,"Hydrolat Marchew zwyczajna BIO",Hydrolat,,,bio,""
polaczenie-synergia,"Połączenie Synergia",Mieszanka,,,,""
ambasadorski-zestaw-startowy,"Ambasadorski zestaw startowy",Kompendium,,,,""
tulsi-lub-bazylia-swieta-bio,"Bazylia święta lub Tulsi BIO",Olejek eteryczny,,,bio,""
limonka-bio,"Limonka Bio",Olejek eteryczny,,,bio|fototoksyczny,""
grejpfrut-bio,"Grejpfrut BIO",Olejek eteryczny,,,bio|fototoksyczny,""
klementynka-destylowana-bio,"Klementynka destylowana BIO",Olejek eteryczny,,,bio|fototoksyczny,""
bergamotka-bio,"Bergamotka BIO",Olejek eteryczny,,,bio|fototoksyczny,""
kompendium-aromaterapii-cz-i-olejki-eteryczne,"Kompendium Aromaterapii Olejki eteryczne pdf",Kompendium,,,,""
fiszka-bazylia-egzotyczna,"Fiszka Bazylia egzotyczna",Kompendium,,,,""
fiszka-bazylia-swieta-tulsi,"Fiszka Bazylia święta - Tulsi",Kompendium,,,,""
fiszka-bergamotka,"Fiszka Bergamotka",Kompendium,,,,""
fiszka-cedr-atlaski,"Fiszka Cedr atlaski",Kompendium,,,,""
fiszka-cynamon-cejlonski-lisc,"Fiszka Cynamon cejloński liść",Kompendium,,,,""
fiszka-cytryna,"Fiszka Cytryna",Kompendium,,,,""
fiszka-czaber,"Fiszka Cząber",Kompendium,,,,""
fiszka-czystek,"Fiszka Czystek",Kompendium,,,,""
fiszka-drzewo-herbaciane,"Fiszka Drzewo herbaciane",Kompendium,,,,""
fiszka-eukaliptus-cytrynowy,"Fiszka Eukaliptus cytrynowy",Kompendium,,,,""
fiszka-eukaliptus-galkowy,"Fiszka Eukaliptus gałkowy",Kompendium,,,,""
fiszka-eukaliptus-radiata,"Fiszka Eukaliptus radiata",Kompendium,,,,""
fiszka-geranium-rosat,"Fiszka Geranium rosat",Kompendium,,,,""
fiszka-golteria-rozeslana,"Fiszka Golteria rozesłana",Kompendium,,,,""
fiszka-gozdzik,"Fiszka Goździk",Kompendium,,,,""
fiszka-grejpfrut,"Fiszka Grejpfrut",Kompendium,,,,""
fiszka-imbir,"Fiszka Imbir",Kompendium,,,,""
fiszka-kadzidlowiec,"Fiszka Kadzidłowiec",Kompendium,,,,""
fiszka-kocanki-wloskie,"Fiszka Kocanki włoskie",Kompendium,,,,""
fiszka-kurkuma,"Fiszka Kurkuma",Kompendium,,,,""
fiszka-laur,"Fiszka Laur",Kompendium,,,,""
fiszka-lawenda-waskolistna,"Fiszka Lawenda wąskolistna",Kompendium,,,,""
fiszka-manuka,"Fiszka Manuka",Kompendium,,,,""
fiszka-mieta-pieprzowa,"Fiszka Mięta pieprzowa",Kompendium,,,,""
fiszka-oregano,"Fiszka Oregano",Kompendium,,,,""
fiszka-paczula,"Fiszka Paczula",Kompendium,,,,""
fiszka-palmarosa,"Fiszka Palmarosa",Kompendium,,,,""
fiszka-palo-santo,"Fiszka Palo santo",Kompendium,,,,""
fiszka-pomarancza-slodka,"Fiszka Pomarańcza słodka",Kompendium,,,,""
fiszka-ravintsara,"Fiszka Ravintsara",Kompendium,,,,""
fiszka-roza-damascenska,"Fiszka Róża damasceńska",Kompendium,,,,""
fiszka-rozmaryn-ct-cyneol,"Fiszka Rozmaryn ct. cyneol",Kompendium,,,,""
fiszka-rozmaryn-ct-werbenon,"Fiszka Rozmaryn ct. werbenon",Kompendium,,,,""
fiszka-rumianek-rzymski,"Fiszka Rumianek rzymski",Kompendium,,,,""
fiszka-rumianek-niemiecki,"Fiszka Rumianek niemiecki",Kompendium,,,,""
fiszka-saro,"Fiszka Saro",Kompendium,,,,""
fiszka-sosna-zwyczajna,"Fiszka Sosna zwyczajna",Kompendium,,,,""
fiszka-trawa-cytrynowa,"Fiszka Trawa cytrynowa",Kompendium,,,,""
fiszka-tymianek-ct-linalol,"Fiszka Tymianek ct. linalol",Kompendium,,,,""
fiszka-tymianek-ct-tymol,"Fiszka Tymianek ct. tymol",Kompendium,,,,""
fiszka-wetiweria,"Fiszka Wetiweria",Kompendium,,,,""
fiszka-ylang-ylang,"Fiszka Ylang-ylang",Kompendium,,,,""
kompendium-aromaterapii-olejki-eteryczne-papier,"Kompendium Aromaterapii Olejki eteryczne papier",Kompendium,,,,""
szalwia-swieta,"Szałwia święta (muszkatołowa)",Kompendium,,,,""
olej-arganowy-bio,"Olej Arganowy BIO",Olej roślinny,,,bio,""
hydrolat-werbena-bio,"Hydrolat Werbena BIO",Hydrolat,,,bio,""
dyfuzor-nebulizator-movisia-v2,"Dyfuzor - nebulizator Movisia V2",Dyfuzor,dom,,,""
dyfuzor-ultradzwiekowy-purisia,"Dyfuzor ultradźwiękowy Purisia",Dyfuzor,dom,,,""
dyfuzor-prague-inteligentny-dyfuzor-ultradzwiekowy,"Dyfuzor Prague - inteligentny dyfuzor ultradźwiękowy",Dyfuzor,dom,,promocja,""
zestaw-debiutanta-kombo,"Zestaw debiutanta",Zestaw,,,,""
zestaw-pielegnacyjny-dla-maluszkow,"Zestaw pielęgnacyjny dla maluszków",Zestaw,,,,""
zestaw-dla-babci-i-dziadka,"Zestaw dla Babci i Dziadka",Zestaw,,,,""
zestaw-pielegnacyjny-dla-pan,"Zestaw pielęgnacyjny dla Pań",Kompendium,,,,""
trio-na-detoks,"Trio na detoks",Zestaw,,,,""
zestaw-debiutanta,"Zestaw Debiutanta Kombo",Kompendium,,,,""
klosz-do-cimio,"Zapasowy klosz do nebulizatora Cimio",Dyfuzor,dom,,,""
mustika,"Mustika",Mieszanka,,,,""
dorma-mieszanka-do-snu,"Dorma - mieszanka do snu",Mieszanka,,,,""
hydrolat-tymianek-bio,"Hydrolat Tymianek BIO",Hydrolat,,,bio,""
zestaw-do-dyfuzora,"Zestaw do dyfuzora",Zestaw,,,,""
zestaw-podrozny,"Zestaw podróżny",Kompendium,,,,""
copaiba-kopaiwa-bio,"Copaiba (Kopaiwa) BIO",Kompendium,,,bio,""
drzewo-rozane-bio,"Drzewo różane BIO",Olejek eteryczny,,,bio,""
roza-damascenska-absolut-bio,"Róża damasceńska ABSOLUT BIO",Kompendium,,,bio,""